<?xml version="1.0" encoding="UTF-8"?>
<beans xmlns="http://www.springframework.org/schema/beans"
	xmlns:xsi="http://www.w3.org/2001/XMLSchema-instance"
	xsi:schemaLocation="http://www.springframework.org/schema/beans 
	http://www.springframework.org/schema/beans/spring-beans.xsd">
	
	<bean id="ds" class="org.apache.commons.dbcp2.BasicDataSource">  
		<property name="driverClassName" value="org.postgresql.Driver" />  
		<property name="url" value="jdbc:postgresql://localhost:5432/OrderDb" />  
		<property name="username" value="postgres" />  
		<property name="password" value="admin" />  
	</bean> 
	
	<bean id="orderDAOBean1" class="in.ac.famt.OrderDAO"></bean>
</beans>