<?xml version="1.0" encoding="UTF-8"?>
<beans xmlns="http://www.springframework.org/schema/beans"
       xmlns:xsi="http://www.w3.org/2001/XMLSchema-instance"
       xmlns:aop="http://www.springframework.org/schema/aop"
       xsi:schemaLocation="http://www.springframework.org/schema/beans 
       http://www.springframework.org/schema/beans/spring-beans.xsd ">
       
         <bean id="ds" class="org.apache.commons.dbcp2.BasicDataSource">
       <property name="driverClassName" value="com.mysql.jdbc.Driver"></property>
       <property name="url" value="jdbc:mysql://localhost:3306/student_info"></property>
       <property name="username" value="root"></property>
       <property name="password" value=""></property>
       
       </bean>
       
       <bean id="jdbcTemplate" class="org.springframework.jdbc.core.JdbcTemplate">
       <property name="dataSource" ref="ds"></property>
       </bean>
       
       <bean id="studentBean1" class="myPack.StudentDAO">
       		<property name="jdbcTemplate" ref="jdbcTemplate"></property>
       </bean>
       
</beans>