<?xml version="1.0" encoding="UTF-8"?>
<beans xmlns="http://www.springframework.org/schema/beans"
	xmlns:xsi="http://www.w3.org/2001/XMLSchema-instance"
	xsi:schemaLocation="http://www.springframework.org/schema/beans 
	http://www.springframework.org/schema/beans/spring-beans.xsd">
	
	<bean id="ds" class="org.apache.commons.dbcp2.BasicDataSource">
        <property name="driverClassName" value="com.mysql.jdbc.Driver" />
        <property name="url" value="jdbc:mysql://localhost:3306/OrderDB" />
        <property name="username" value="root" />
    </bean>
	  
	<bean id="npJdbcTemplate" class="org.springframework.jdbc.core.namedparam.NamedParameterJdbcTemplate">  
		<constructor-arg ref="ds"></constructor-arg>  
	</bean>  
	  
	<bean id="orderDAOBean1" class="in.ac.famt.OrderDAO">  
		<property name="template" ref="npJdbcTemplate"/>  
	</bean>
	
	<bean id="orderBean1" class="in.ac.famt.OrderMst">  
		<property name="orderId" value="1"/>
		<property name="supplierNm" value="HCL"/>
		<property name="orderAmt" value="598752"/>  
	</bean>
	
	<bean id="selectOrder" class="in.ac.famt.OrderMst">  
		<property name="orderId" value="10"/>  
	</bean>
</beans>