<?xml version="1.0" encoding="UTF-8"?>
<beans 
xmlns="http://www.springframework.org/schema/beans"
xmlns:xsi="http://www.w3.org/2001/XMLSchema-instance"
xmlns:p="http://www.springframework.org/schema/p"
xsi:schemaLocation="http://www.springframework.org/schema/beans
http://www.springframework.org/schema/beans/spring-beans-3.0.xsd">

	<bean id="que1" class="myPackCollectionDObj.Question">
	<constructor-arg value="1"></constructor-arg>
	<constructor-arg value="What is Java?"></constructor-arg>
	<constructor-arg>
	<list>
	<value>Java is High level class-base Language</value>
	<value>Java is object oriented language</value>
	<value>Java is multi-program language</value>
	</list>
	</constructor-arg>
	
</bean>
</beans>