<?xml version="1.0" encoding="UTF-8"?>
<beans 
xmlns="http://www.springframework.org/schema/beans"
xmlns:xsi="http://www.w3.org/2001/XMLSchema-instance"
xmlns:p="http://www.springframework.org/schema/p"
xsi:schemaLocation="http://www.springframework.org/schema/beans
http://www.springframework.org/schema/beans/spring-beans-3.0.xsd">
<bean id="add1" class="myPackDependentObj.Address">
	<constructor-arg type="String" value="B-207"></constructor-arg>
	<constructor-arg type="String" value="Adarsh Vastu"></constructor-arg>
	<constructor-arg type="String" value="Satara"></constructor-arg>
	<constructor-arg type="String" value="SataraMah"></constructor-arg>
	<constructor-arg type="int" value="415002"></constructor-arg>
</bean>
<bean id="emp1" class="myPackDependentObj.Employee">
<constructor-arg type="int" value="1001"></constructor-arg>
<constructor-arg type="String" value="Vaishnavi"></constructor-arg>
<constructor-arg>
<ref bean="add1"/>
</constructor-arg>
</bean>
<bean id="emp2" class="myPackDependentObj.Employee" parent="emp1">
</bean>
</beans>