<?xml version="1.0" encoding="UTF-8"?>
<beans 
xmlns="http://www.springframework.org/schema/beans"
xmlns:xsi="http://www.w3.org/2001/XMLSchema-instance"
xmlns:p="http://www.springframework.org/schema/p"
xsi:schemaLocation="http://www.springframework.org/schema/beans
http://www.springframework.org/schema/beans/spring-beans-3.0.xsd">
	<bean id="add" class="myPackDependentObj.Address">
		<property name="houseNo" value="B-207">
	</property>
			<property name="buildingName" value="Adarshh Vastu">
	</property>
			<property name="city" value="Satara">
	</property>
			<property name="District" value="Satara">
	</property>
		<property name="pincode" value="415002">
	</property>
	</bean>
	
<bean id="nm" class="myPackDependentObj.Employee">
		<property name="id" value="5">
	</property>
			<property name="empName" value="Vaishnavi">
	</property>
			<property name="address" ref="add">
	</property>
</bean>
</beans>