<?xml version="1.0" encoding="UTF-8"?>
<beans 
xmlns="http://www.springframework.org/schema/beans"
xmlns:xsi="http://www.w3.org/2001/XMLSchema-instance"
xmlns:p="http://www.springframework.org/schema/p"
xsi:schemaLocation="http://www.springframework.org/schema/beans
http://www.springframework.org/schema/beans/spring-beans-3.0.xsd">
<bean id="ans1" class="myPackCollectionDependencyObj.Answer">
	<property name="id" value="1">
	</property>
	<property name="aName" value="Java is pure object-oriented language..">
	</property>
	<property name="by" value="http://java.com">
	</property>
</bean>
<bean id="ans2" class="myPackCollectionDependencyObj.Answer">
	<property name="id" value="2">
	</property>
	<property name="aName" value="Java is class-based..">
	</property>
	<property name="by" value="http://javaprogram.com">
	</property>
</bean>
<bean id="ans3" class="myPackCollectionDependencyObj.Answer">
	<property name="id" value="3">
	</property>
	<property name="aName" value="Java is a programming language and computing platform first released by Sun..">
	</property>
	<property name="by" value="http://www.java.com">
	</property>
</bean>
<bean id="que1" class="myPackCollectionDependencyObj.Question">
	<property name="id" value="1">	</property>
		<property name="qName" value="What is Java?"> 	</property>
	<property name="answers">
	<list>
	<ref bean="ans1"/>
	<ref bean="ans2"/>
	<ref bean="ans3"/>
	</list>
	</property>
</bean>

</beans>