<?xml version="1.0" encoding="UTF-8"?>
<beans
xmlns="http://www.springframework.org/schema/beans"
xmlns:xsi="http://www.w3.org/2001/XMLSchema-instance"  
xmlns:aop="http://www.springframework.org/schema/aop"  
xsi:schemaLocation="http://www.springframework.org/schema/beans  
http://www.springframework.org/schema/beans/spring-beans.xsd  
http://www.springframework.org/schema/aop  
http://www.springframework.org/schema/aop/spring-aop.xsd">

<!--   -->
<aop:aspectj-autoproxy proxy-target-class="true"></aop:aspectj-autoproxy>
<bean id="studBean" class="myPack.Student">
<constructor-arg name="roll_no" value="505"></constructor-arg>
<constructor-arg name="name" value="Vaishnavi"></constructor-arg>
<constructor-arg name="marks1" value="80"></constructor-arg>
<constructor-arg name="marks2" value="70"></constructor-arg>
<constructor-arg name="marks3" value="90"></constructor-arg>
</bean>
<bean id="studOpBean" class="myPack.StudOperation">
</bean>
<bean id="aopConfig" class="myPack.AOPConfig"></bean>
<!--  -->
</beans>