<?xml version="1.0" encoding="UTF-8"?>

<beans xmlns="http://www.springframework.org/schema/beans"  
    xmlns:xsi="http://www.w3.org/2001/XMLSchema-instance"   
    xmlns:aop="http://www.springframework.org/schema/aop"  
    xsi:schemaLocation="http://www.springframework.org/schema/beans  
    http://www.springframework.org/schema/beans/spring-beans-3.0.xsd   
    http://www.springframework.org/schema/aop   
    http://www.springframework.org/schema/aop/spring-aop-3.0.xsd ">  
   
	<aop:aspectj-autoproxy />  
  
	<bean id="opBean" class="myPack.Operation">   </bean>  
	<bean id="trackAspect" class="myPack.TrackOperation"></bean>  
      
	<aop:config>  
  		<aop:aspect id="myaspect1" ref="trackAspect" >  
     		<!-- @Before -->  
     		<aop:pointcut id="pointCutBefore" expression="execution(* myPack.Operation.*(..))" />  
     		<aop:before method="myadvice1" pointcut-ref="pointCutBefore" />  
     		
     		<!-- @After -->  
     		<aop:pointcut id="pointCutAfter" expression="execution(* myPack.Operation.m*(..))" />  
     		<aop:after method="myadvice2" pointcut-ref="pointCutAfter" />  
     		
     		<!-- @AfterReturning -->  
     		<aop:pointcut id="pointCutAfterReturning"   expression="execution(* myPack.Operation.*(..))" />  
     		<aop:after-returning method="myadvice3" returning="result" pointcut-ref="pointCutAfterReturning" />  
     		
     		<!-- @Around -->  
     		<aop:pointcut id="pointCutAround"   expression="execution(* myPack.Operation.k(..))" />  
     		<aop:around method="myadvice4" pointcut-ref="pointCutAround" />
     		
     		<!-- @AfterThrowing -->  
     		<aop:pointcut id="pointCutAfterThrowing"    expression="execution(* myPack.Operation.*(..))" />  
     		<aop:after-throwing method="myadvice5" throwing="error" pointcut-ref="pointCutAfterThrowing" />
     	
  		</aop:aspect>
  		
  		
	</aop:config>
	 
	

</beans> 